year,total,asia,afghanistan,united_arab_emirates,myanmar,bahrain,bhutan,bangladesh,brunei,cambodia,sri_lanka,china,taiwan,china_hong_kong,china_other,cyprus,timor_leste,india,indonesia,iran,iraq,israel,jordan,south_korea,north_korea,kuwait,laos,lebanon,malaysia,mongolia,oman,maldives,nepal,pakistan,philippines,qatar,saudi_arabia,syria,singapore,thailand,turkey,vietnam,yemen,europe,albania,austria,belgium,bulgaria,belarus,croatia,czechoslovakia,czechia,denmark,estonia,finland,france,germany,greece,hungary,iceland,ireland,italy,kyrgyzstan,kazakhstan,liechtenstein,luxembourg,latvia,lithuania,monaco,malta,moldova,north_macedonia,netherlands,norway,poland,portugal,romania,russia,san_marino,spain,sweden,switzerland,turkmenistan,tajikistan,united_kingdom,united_kingdom_hong_kong,ukraine,uzbekistan,vatican_city,yugoslavia,armenia,azerbaijan,andorra,georgia_country,slovenia,slovakia,bosnia_and_herzegovina,serbia_and_montenegro,africa,algeria,burundi,botswana,cameroon,central_african_republic,chad,republic_of_the_congo,democratic_republic_of_the_congo,cape_verde,comoros,benin,djibouti,ethiopia,equatorial_guinea,eritrea,gabon,ghana,guinea,gambia,guinea_bissau,cote_d_ivoire,kenya,liberia,libya,lesotho,madagascar,mali,mauritania,morocco,malawi,mauritius,mozambique,niger,nigeria,namibia,rwanda,senegal,sierra_leone,somalia,sudan,eswatini,sao_tome_and_principe,seychelles,tanzania,togo,tunisia,uganda,south_africa,egypt,burkina_faso,zambia,zimbabwe,angola,north_america,barbados,bahamas,belize,canada,costa_rica,cuba,dominican_republic,dominica,el_salvador,guatemala,haiti,honduras,jamaica,mexico,nicaragua,panama,saint_lucia,saint_vincent,saint_kitts_and_nevis,trinidad_and_tobago,united_states,grenada,antigua_and_barbuda,south_america,argentina,bolivia,brazil,chile,colombia,ecuador,guyana,paraguay,peru,suriname,uruguay,venezuela,oceania,australia,fiji,kiribati,marshall_islands,micronesia,new_zealand,nauru,papua_new_guinea,palau,solomon_islands,tonga,tuvalu,vanuatu,samoa,stateless,unknown_other
1950 ,18046 ,4135 ,,,36 ,,1 ,,,,18 ,2095 ,5 ,,,,,343 ,18 ,4 ,11 ,3 ,,825 ,,,,7 ,1 ,,,,,31 ,536 ,,,12 ,,150 ,21 ,18 ,,3606 ,,2 ,51 ,,,,5 ,,231 ,2 ,7 ,501 ,103 ,32 ,4 ,,47 ,100 ,,,,1 ,2 ,2 ,,,,,144 ,148 ,32 ,92 ,,172 ,,65 ,114 ,76 ,,,1669 ,,,,1 ,3 ,,,,,,,,,35 ,,,,,,,,,,,,,,,,,,,,,,,,,,,,,,,,,,,,,,,,,,,,,,,,22 ,13 ,,,,,9853 ,,,,314 ,4 ,4 ,,,2 ,,,,,13 ,1 ,,,,,,9515 ,,,102 ,22 ,1 ,39 ,8 ,20 ,1 ,,2 ,5 ,,1 ,3 ,188 ,180 ,,,,,8 ,,,,,,,,,125 ,2 
1951 ,24268 ,7049 ,1 ,,25 ,,,,,8 ,9 ,3789 ,1 ,,,,,698 ,132 ,6 ,9 ,12 ,,1035 ,,,,2 ,1 ,,,,,107 ,868 ,,3 ,17 ,,213 ,36 ,75 ,2 ,5483 ,,,68 ,,,,,,204 ,2 ,12 ,558 ,205 ,193 ,6 ,,37 ,204 ,,,1 ,1 ,4 ,1 ,,1 ,,,256 ,268 ,18 ,138 ,4 ,122 ,,102 ,276 ,127 ,,,2667 ,,,,1 ,7 ,,,,,,,,,206 ,,,,,,,,,,,,,3 ,,,,,,,,,,,,,,,,,,,,,,,,,,,,,,,,,,,172 ,31 ,,,,,10769 ,,,,330 ,2 ,8 ,,,4 ,3 ,,1 ,,55 ,,12 ,,,,,10354 ,,,371 ,21 ,15 ,300 ,4 ,4 ,7 ,,2 ,13 ,,4 ,1 ,218 ,209 ,,,,,7 ,,,2 ,,,,,,171 ,1 
1952 ,32262 ,8503 ,2 ,,88 ,2 ,,,,5 ,71 ,3958 ,2 ,,,,,792 ,231 ,18 ,6 ,42 ,1 ,1693 ,,1 ,2 ,6 ,7 ,,,,6 ,192 ,869 ,,1 ,11 ,,451 ,26 ,20 ,,6068 ,,25 ,184 ,,,1 ,5 ,,141 ,1 ,14 ,590 ,320 ,137 ,2 ,3 ,23 ,174 ,,,1 ,,,1 ,,,,,348 ,306 ,9 ,140 ,1 ,16 ,,113 ,422 ,153 ,,,2920 ,,,,,18 ,,,,,,,,,121 ,,,,,,,,,,,,,,,,,,,,,,,,,,,,,,,,,,,,,,,,2 ,,,,,,,,113 ,6 ,,,,,16548 ,,,,538 ,3 ,14 ,6 ,,4 ,,,1 ,,24 ,3 ,14 ,,,,,15941 ,,,662 ,40 ,3 ,575 ,10 ,2 ,3 ,,1 ,21 ,,3 ,4 ,217 ,209 ,,,,,8 ,,,,,,,,,140 ,3 
1953 ,46857 ,13343 ,4 ,,103 ,,,,,16 ,39 ,5214 ,,,,,,1078 ,366 ,49 ,15 ,70 ,,3772 ,,5 ,,4 ,,,,,,210 ,1472 ,,1 ,25 ,,782 ,85 ,33 ,,8902 ,,32 ,520 ,,,,1 ,,260 ,,11 ,1049 ,487 ,138 ,4 ,3 ,60 ,261 ,,,1 ,1 ,,2 ,,,,,644 ,431 ,8 ,118 ,,5 ,,165 ,624 ,372 ,,,3692 ,,,,2 ,11 ,,,,,,,,,229 ,,,,,,,,,,,,,4 ,,,,,,,,,,,,,,,,,,,,,,,,,,,1 ,,,,,,,,199 ,25 ,,,,,22799 ,,,,793 ,4 ,26 ,5 ,,1 ,2 ,2 ,6 ,,59 ,2 ,13 ,,,,,21886 ,,,745 ,64 ,,581 ,18 ,24 ,4 ,,,34 ,,2 ,18 ,676 ,585 ,,,,,91 ,,,,,,,,,159 ,4 
1954 ,47425 ,13317 ,5 ,,158 ,3 ,,,,28 ,91 ,5356 ,,,,,,971 ,409 ,77 ,7 ,130 ,,3073 ,,,3 ,17 ,7 ,,,,3 ,212 ,1584 ,,1 ,23 ,,962 ,102 ,93 ,2 ,8135 ,,22 ,85 ,,,,3 ,,234 ,,33 ,763 ,806 ,64 ,29 ,2 ,33 ,190 ,,,1 ,1 ,,,,,,,478 ,146 ,13 ,162 ,,71 ,,152 ,439 ,486 ,,,3918 ,,,,,4 ,,,,,,,,,146 ,,,,,,,,,,,,,1 ,,,,,,,,,,2 ,,,,,,,,,,,,,,,,,8 ,,,,,,,,106 ,29 ,,,,,24544 ,,,,1078 ,7 ,25 ,12 ,,6 ,2 ,1 ,2 ,,93 ,3 ,11 ,,,,,23304 ,,,621 ,134 ,7 ,372 ,21 ,26 ,3 ,,1 ,31 ,,7 ,19 ,480 ,461 ,,,,,19 ,,,,,,,,,182 ,
1955 ,55638 ,14533 ,9 ,,242 ,,,,,86 ,86 ,6449 ,,,,,,1292 ,533 ,72 ,12 ,113 ,2 ,1227 ,,2 ,3 ,18 ,4 ,,,,7 ,214 ,2476 ,,4 ,13 ,,1145 ,169 ,351 ,4 ,10305 ,,108 ,134 ,,,,9 ,,353 ,1 ,55 ,1318 ,942 ,365 ,4 ,1 ,80 ,279 ,,,1 ,,,1 ,,,,,527 ,177 ,3 ,172 ,2 ,42 ,,155 ,479 ,491 ,,,4589 ,,,,,17 ,,,,,,,,,220 ,,,,,,,,3 ,,,,,3 ,,,,,,,,,3 ,8 ,,,,,,,,,,,3 ,,,,,,,,,,,,,,163 ,37 ,,,,,29370 ,,,,1244 ,,38 ,5 ,,6 ,,,5 ,,142 ,4 ,18 ,,,,,27908 ,,,465 ,142 ,3 ,208 ,20 ,28 ,5 ,,,21 ,,12 ,26 ,579 ,536 ,,,,,43 ,,,,,,,,,166 ,
1956 ,66356 ,15320 ,16 ,,351 ,4 ,,,,97 ,139 ,5969 ,,,,,,1705 ,676 ,84 ,15 ,129 ,1 ,1140 ,,13 ,28 ,26 ,7 ,,,,31 ,208 ,2919 ,,5 ,25 ,,1038 ,153 ,539 ,2 ,13413 ,,144 ,120 ,,,,12 ,,376 ,,31 ,1209 ,1554 ,1291 ,4 ,5 ,65 ,401 ,,,,2 ,,,,,,,504 ,210 ,8 ,178 ,10 ,71 ,,181 ,438 ,485 ,,,6098 ,,,,3 ,13 ,,,,,,,,,281 ,,,,,,,,,,,,,28 ,,,,,,,,,,6 ,1 ,,,,,,,,,,3 ,,,,,,1 ,,,,,,,,217 ,25 ,,,,,35870 ,,,,1380 ,4 ,46 ,4 ,,5 ,10 ,,8 ,,223 ,6 ,34 ,,,,,34150 ,,,633 ,116 ,19 ,316 ,39 ,55 ,7 ,,1 ,32 ,,20 ,28 ,744 ,697 ,,,,,47 ,,,,,,,,,95 ,
1957 ,80361 ,20385 ,12 ,,604 ,2 ,6 ,,,136 ,144 ,7072 ,,,,,,1340 ,926 ,135 ,44 ,215 ,4 ,2887 ,,13 ,133 ,58 ,83 ,5 ,,,15 ,238 ,3653 ,,9 ,30 ,,1448 ,470 ,703 ,,15147 ,,133 ,179 ,2 ,,,54 ,,650 ,,46 ,1343 ,1711 ,1438 ,4 ,2 ,70 ,377 ,,,1 ,2 ,,,,,,,789 ,538 ,55 ,166 ,3 ,407 ,,221 ,541 ,741 ,,,5652 ,,1 ,,,21 ,,,,,,,,,454 ,,,,,,,,,,,,,26 ,,,,,,,,,,,,,,,,,,,,,3 ,,,,,,21 ,,,,1 ,,,,313 ,85 ,,,5 ,,41851 ,,,,1558 ,5 ,64 ,17 ,,16 ,10 ,4 ,14 ,2 ,244 ,4 ,35 ,,,,,39878 ,,,749 ,90 ,7 ,379 ,57 ,31 ,12 ,,6 ,62 ,,18 ,87 ,1581 ,1431 ,,,,,150 ,,,,,,,,,194 ,
1958 ,96514 ,22979 ,33 ,,670 ,4 ,3 ,,,208 ,187 ,6463 ,,,,,,1977 ,1311 ,350 ,29 ,232 ,7 ,3735 ,,10 ,200 ,35 ,334 ,4 ,,,38 ,344 ,3875 ,,24 ,31 ,,1447 ,867 ,560 ,1 ,15560 ,,192 ,175 ,4 ,,,75 ,,674 ,,56 ,1709 ,2049 ,454 ,8 ,6 ,66 ,544 ,,,3 ,1 ,,,,,,,923 ,504 ,39 ,209 ,5 ,561 ,1 ,212 ,781 ,934 ,,,5319 ,,,,8 ,48 ,,,,,,,,,458 ,,,,,,,,,,,,,6 ,,,,5 ,,,,,,3 ,,,,,,2 ,,,,,1 ,,,,,,4 ,,,,2 ,,1 ,1 ,325 ,108 ,,,,,54069 ,,,,2135 ,10 ,64 ,7 ,,17 ,35 ,5 ,11 ,,325 ,11 ,50 ,,,,,51399 ,,,968 ,198 ,18 ,396 ,65 ,75 ,13 ,,7 ,89 ,,24 ,83 ,2330 ,2083 ,,,,,247 ,,,,,,,,,150 ,
1959 ,118020 ,22129 ,34 ,,426 ,4 ,,,,215 ,252 ,6595 ,,,,,,2161 ,1267 ,221 ,16 ,269 ,15 ,2530 ,,23 ,96 ,62 ,354 ,4 ,,,38 ,284 ,4991 ,,20 ,,,1475 ,148 ,629 ,,18206 ,,376 ,224 ,2 ,,,303 ,,547 ,,64 ,2070 ,2218 ,152 ,4 ,1 ,66 ,793 ,,,1 ,6 ,,1 ,,,,,1772 ,405 ,40 ,200 ,7 ,444 ,,276 ,891 ,981 ,,,6262 ,,,,8 ,92 ,,,,,,,,,610 ,,,,,,,,,,,,,28 ,,,,10 ,,,,,,1 ,2 ,,,,,5 ,,,,,1 ,,,,,,9 ,,,,2 ,,5 ,1 ,425 ,121 ,,,,,72328 ,,,,2822 ,15 ,132 ,11 ,,21 ,34 ,2 ,4 ,,566 ,12 ,57 ,,,,,68652 ,,,1205 ,229 ,17 ,402 ,74 ,108 ,13 ,,9 ,90 ,,19 ,244 ,3436 ,2993 ,,,,,442 ,,,,,1 ,,,,106 ,
1960 ,146881 ,29629 ,16 ,,614 ,2 ,,,,254 ,274 ,7898 ,,,,,,2680 ,1694 ,254 ,46 ,411 ,16 ,5752 ,,18 ,86 ,106 ,740 ,4 ,,,52 ,471 ,5508 ,2 ,52 ,,,1815 ,114 ,750 ,,23181 ,,334 ,244 ,28 ,,,112 ,,739 ,,112 ,2528 ,3184 ,174 ,49 ,8 ,79 ,1142 ,,,1 ,4 ,,,2 ,,,,1691 ,561 ,169 ,273 ,43 ,918 ,,373 ,1146 ,1346 ,,,7820 ,,,,9 ,92 ,,,,,,,,,854 ,,,,,,,,,,,,,17 ,,,,43 ,4 ,,,,,4 ,3 ,,,,,9 ,,,,,6 ,,,2 ,,,9 ,,,,,,6 ,1 ,493 ,257 ,,,,,86353 ,,,,3234 ,19 ,70 ,14 ,,27 ,51 ,5 ,2 ,,1078 ,13 ,110 ,,,,,81730 ,,,1658 ,376 ,38 ,478 ,173 ,135 ,46 ,,10 ,164 ,,34 ,204 ,5077 ,4311 ,,,,,766 ,,,,,,,,,129 ,
1961 ,180048 ,38483 ,30 ,,836 ,14 ,1 ,,,273 ,311 ,10262 ,,,,7 ,,3350 ,2510 ,329 ,54 ,315 ,30 ,7731 ,,35 ,104 ,140 ,1004 ,9 ,,,29 ,622 ,7128 ,,54 ,24 ,,2253 ,161 ,867 ,,28546 ,,485 ,415 ,15 ,,,140 ,,873 ,,127 ,3208 ,4140 ,242 ,49 ,9 ,100 ,1622 ,,,1 ,12 ,,,3 ,,,,1678 ,653 ,78 ,246 ,57 ,959 ,,360 ,1418 ,1695 ,,,9810 ,,,,3 ,148 ,,,,,,,,,991 ,,,,1 ,,,6 ,,,,2 ,,17 ,,,,26 ,1 ,,,,,3 ,8 ,,2 ,,,13 ,,,,,31 ,,,,,1 ,27 ,,,,1 ,,7 ,,581 ,263 ,1 ,,,,103485 ,,,,4560 ,16 ,90 ,22 ,,37 ,64 ,2 ,15 ,,1251 ,41 ,93 ,,,,,97294 ,,,2579 ,948 ,44 ,507 ,229 ,172 ,54 ,,35 ,353 ,,102 ,135 ,5783 ,4799 ,,,,,984 ,,,,,,,,,181 ,
1962 ,202181 ,40453 ,23 ,,513 ,10 ,,,,221 ,252 ,12008 ,,,,4 ,,3234 ,2423 ,317 ,71 ,441 ,35 ,7808 ,,71 ,143 ,271 ,1151 ,5 ,,,38 ,765 ,7225 ,,71 ,71 ,,2256 ,171 ,853 ,2 ,34660 ,,538 ,557 ,25 ,,,107 ,,1088 ,,226 ,4156 ,5178 ,208 ,75 ,14 ,137 ,1797 ,,,4 ,28 ,,,1 ,,,,2423 ,842 ,86 ,260 ,69 ,779 ,1 ,510 ,1889 ,2175 ,,,11356 ,,,,10 ,121 ,,,,,,,,,1468 ,1 ,,,7 ,,,10 ,5 ,,,3 ,,23 ,,,,26 ,2 ,,,9 ,,4 ,11 ,,4 ,,,24 ,,,,,31 ,,,1 ,1 ,2 ,26 ,,,,13 ,,11 ,,952 ,289 ,13 ,,,,115525 ,,,,4871 ,44 ,103 ,21 ,,38 ,39 ,2 ,12 ,,1873 ,26 ,95 ,,,,1 ,108400 ,,,2013 ,443 ,39 ,585 ,140 ,140 ,40 ,,20 ,283 ,,143 ,180 ,7888 ,6587 ,,,,,1301 ,,,,,,,,,174 ,
1963 ,227289 ,46761 ,33 ,,323 ,2 ,,,,225 ,338 ,14365 ,,,,11 ,,2708 ,2626 ,380 ,60 ,489 ,68 ,10551 ,,64 ,63 ,331 ,1479 ,11 ,1 ,,65 ,1037 ,7938 ,,87 ,99 ,,2722 ,177 ,508 ,,37890 ,2 ,524 ,573 ,43 ,,,150 ,,1085 ,,284 ,4527 ,5813 ,263 ,105 ,15 ,145 ,2266 ,,,2 ,12 ,,,,,,,1800 ,773 ,262 ,371 ,133 ,913 ,,498 ,2014 ,2212 ,,,12938 ,,,,6 ,161 ,,,,,,,,,1690 ,9 ,,,9 ,2 ,,6 ,1 ,,,15 ,,6 ,,,1 ,59 ,5 ,,,1 ,,5 ,3 ,,5 ,3 ,,18 ,,,,2 ,27 ,,,2 ,5 ,2 ,41 ,,,,20 ,4 ,23 ,9 ,1149 ,252 ,6 ,,,,131195 ,,,,4792 ,31 ,141 ,22 ,,179 ,65 ,8 ,26 ,37 ,1453 ,45 ,118 ,,,,20 ,124258 ,,,2127 ,421 ,47 ,656 ,128 ,174 ,52 ,,20 ,363 ,,93 ,173 ,7391 ,6152 ,,,,,1237 ,,,,,,,,2 ,158 ,77 
1964 ,273551 ,64955 ,50 ,,177 ,7 ,,,,285 ,255 ,562 ,12357 ,3844 ,105 ,11 ,,3334 ,4498 ,649 ,131 ,648 ,64 ,18865 ,152 ,82 ,110 ,428 ,3081 ,44 ,,,99 ,1328 ,9105 ,,86 ,143 ,,3218 ,240 ,993 ,4 ,52683 ,3 ,709 ,850 ,157 ,,,328 ,,1441 ,,562 ,7462 ,8283 ,484 ,512 ,45 ,201 ,3735 ,,,9 ,41 ,,,7 ,,,,2514 ,999 ,367 ,477 ,354 ,1962 ,,1034 ,2260 ,2506 ,,,15041 ,,,,13 ,327 ,,,,,,,,,2905 ,62 ,2 ,,14 ,7 ,9 ,14 ,18 ,,,8 ,,43 ,,,5 ,128 ,4 ,,,17 ,76 ,22 ,21 ,,14 ,14 ,7 ,104 ,,,,10 ,106 ,,4 ,41 ,12 ,13 ,31 ,,,,39 ,5 ,40 ,35 ,1584 ,379 ,17 ,,,,139737 ,,,,6625 ,90 ,228 ,76 ,,111 ,147 ,22 ,18 ,87 ,2133 ,55 ,175 ,,,,62 ,129908 ,,,3492 ,836 ,51 ,823 ,199 ,323 ,74 ,,27 ,548 ,,158 ,453 ,9493 ,7507 ,,,,,1985 ,,,,,,,,1 ,206 ,80 
1965 ,291309 ,66347 ,56 ,,266 ,6 ,2 ,,,221 ,245 ,576 ,15583 ,4326 ,24 ,10 ,,3701 ,4656 ,471 ,85 ,794 ,42 ,17065 ,3 ,64 ,119 ,253 ,3117 ,8 ,,,70 ,1029 ,8945 ,,83 ,71 ,79 ,3399 ,201 ,776 ,1 ,48169 ,4 ,623 ,666 ,86 ,,,217 ,,1353 ,,308 ,6082 ,7599 ,460 ,136 ,25 ,177 ,2442 ,,,3 ,18 ,,,6 ,,,,2744 ,1284 ,127 ,394 ,134 ,1650 ,,1017 ,2107 ,2639 ,,,15518 ,,,,10 ,340 ,,,,,,,,,2468 ,31 ,,,5 ,,,4 ,12 ,,,1 ,,33 ,,,,64 ,44 ,,,,51 ,9 ,12 ,,30 ,7 ,7 ,47 ,,,,4 ,54 ,,1 ,8 ,,1 ,44 ,,,,41 ,2 ,19 ,63 ,1642 ,220 ,12 ,,,,161454 ,,,,8320 ,41 ,143 ,15 ,,148 ,145 ,1 ,15 ,54 ,2107 ,30 ,134 ,,,,48 ,150253 ,,,3308 ,870 ,57 ,782 ,346 ,231 ,68 ,,35 ,538 ,,94 ,287 ,8893 ,7550 ,,,,,1341 ,,,,,,,,2 ,220 ,450 
1966 ,338584 ,80923 ,81 ,,254 ,10 ,2 ,,,223 ,405 ,503 ,17744 ,4229 ,65 ,10 ,,3919 ,3699 ,602 ,85 ,837 ,53 ,25791 ,4 ,93 ,167 ,235 ,2589 ,2 ,2 ,,121 ,1003 ,10824 ,,126 ,67 ,1277 ,4313 ,555 ,1032 ,1 ,54682 ,,852 ,858 ,108 ,,,225 ,,1443 ,,366 ,7109 ,8528 ,555 ,125 ,61 ,215 ,2594 ,,,5 ,22 ,,,5 ,3 ,,,2903 ,1431 ,239 ,533 ,261 ,2723 ,2 ,1243 ,2287 ,2830 ,,,17004 ,,,,9 ,143 ,,,,,,,,,2616 ,26 ,2 ,,2 ,1 ,4 ,14 ,13 ,,,1 ,,28 ,,,,37 ,8 ,4 ,,5 ,37 ,13 ,23 ,,9 ,3 ,1 ,54 ,,,,2 ,54 ,,,9 ,7 ,3 ,67 ,,,,42 ,4 ,25 ,31 ,1804 ,270 ,1 ,12 ,,,186641 ,,,,9932 ,77 ,143 ,26 ,,227 ,110 ,5 ,25 ,70 ,2098 ,112 ,179 ,,,,44 ,173593 ,,,4212 ,1039 ,56 ,1154 ,339 ,240 ,101 ,,56 ,777 ,,82 ,368 ,9297 ,7927 ,,,,,1367 ,,,,,,,,3 ,156 ,57 
1967 ,375929 ,98377 ,63 ,,256 ,11 ,2 ,,,344 ,457 ,150 ,20789 ,4840 ,55 ,17 ,,4492 ,4814 ,644 ,105 ,778 ,66 ,33558 ,,103 ,155 ,235 ,2994 ,16 ,2 ,1 ,146 ,979 ,12028 ,1 ,132 ,46 ,1804 ,5193 ,461 ,2638 ,2 ,59526 ,2 ,847 ,911 ,148 ,,,256 ,,1847 ,,383 ,6795 ,9023 ,722 ,119 ,50 ,292 ,3273 ,,,2 ,34 ,,,2 ,5 ,,,3289 ,1817 ,142 ,458 ,266 ,2915 ,,1073 ,2736 ,2990 ,,,18890 ,,,,10 ,229 ,,,,,,,,,2848 ,35 ,,,5 ,1 ,2 ,17 ,5 ,,,4 ,,48 ,,,2 ,62 ,2 ,4 ,,10 ,50 ,8 ,46 ,,14 ,3 ,6 ,38 ,2 ,,,8 ,77 ,,3 ,9 ,,1 ,34 ,,,,47 ,2 ,27 ,22 ,2035 ,187 ,1 ,31 ,,,199486 ,,,,9349 ,48 ,147 ,37 ,,54 ,78 ,5 ,13 ,67 ,2023 ,48 ,177 ,,,,67 ,187373 ,,,4270 ,886 ,79 ,1516 ,298 ,249 ,97 ,5 ,56 ,745 ,,94 ,245 ,11064 ,9528 ,,,,,1529 ,,,,,,,,7 ,300 ,58 
1968 ,418522 ,114141 ,78 ,,247 ,17 ,19 ,,,363 ,501 ,11 ,25115 ,5567 ,71 ,22 ,,5277 ,4134 ,706 ,95 ,929 ,68 ,39634 ,,132 ,141 ,314 ,3852 ,15 ,3 ,3 ,157 ,969 ,14190 ,1 ,206 ,50 ,2784 ,5872 ,565 ,2029 ,4 ,66733 ,,1125 ,899 ,124 ,,,347 ,,2208 ,,427 ,7560 ,11639 ,891 ,167 ,33 ,320 ,3272 ,,,3 ,37 ,,,4 ,18 ,,,3246 ,1972 ,186 ,523 ,194 ,2989 ,9 ,1112 ,3217 ,3427 ,,,20388 ,,,,14 ,382 ,,,,,,,,,3672 ,38 ,5 ,,8 ,32 ,,17 ,10 ,,,10 ,,61 ,,,8 ,51 ,3 ,5 ,,12 ,71 ,4 ,36 ,,22 ,,6 ,71 ,5 ,,,12 ,56 ,,1 ,8 ,2 ,7 ,73 ,,,,69 ,10 ,61 ,46 ,2611 ,218 ,9 ,14 ,,,215400 ,,,,11848 ,49 ,111 ,74 ,,65 ,148 ,15 ,55 ,76 ,3148 ,46 ,140 ,,,,44 ,199581 ,,,5287 ,1128 ,84 ,2196 ,348 ,354 ,128 ,20 ,56 ,567 ,,81 ,325 ,12884 ,11281 ,,,,,1573 ,,,,,,,,30 ,313 ,92 
1969 ,515116 ,125351 ,122 ,,196 ,17 ,20 ,,,452 ,565 ,16 ,27501 ,6199 ,29 ,28 ,,5885 ,4936 ,966 ,86 ,1155 ,61 ,44654 ,6 ,118 ,165 ,293 ,3536 ,13 ,3 ,4 ,153 ,1144 ,13573 ,8 ,196 ,108 ,3296 ,6506 ,609 ,2715 ,17 ,84842 ,,1427 ,1596 ,189 ,,,654 ,,2475 ,,692 ,9435 ,14763 ,1262 ,275 ,89 ,519 ,5251 ,,,3 ,51 ,,,8 ,19 ,,,4586 ,2030 ,255 ,663 ,119 ,3011 ,2 ,1727 ,4131 ,4432 ,,,24755 ,,,,5 ,418 ,,,,,,,,,4338 ,90 ,4 ,,10 ,6 ,3 ,20 ,40 ,,,10 ,,81 ,,,31 ,70 ,8 ,,,20 ,112 ,16 ,35 ,,32 ,7 ,10 ,80 ,1 ,,,9 ,55 ,,1 ,10 ,23 ,3 ,54 ,,,,80 ,5 ,54 ,44 ,2873 ,415 ,3 ,23 ,,,277060 ,,,,15523 ,95 ,299 ,51 ,,113 ,217 ,13 ,66 ,113 ,4513 ,86 ,239 ,,,,69 ,255663 ,,,7967 ,1989 ,70 ,2983 ,527 ,561 ,174 ,15 ,75 ,885 ,,175 ,513 ,15060 ,13001 ,,,,,2039 ,,,,,,,,20 ,353 ,145 
1970 ,775061 ,211684 ,145 ,,296 ,29 ,23 ,,,300 ,596 ,139 ,46535 ,12506 ,61 ,56 ,,15276 ,8692 ,1989 ,223 ,1527 ,180 ,71790 ,10 ,216 ,320 ,590 ,6939 ,15 ,4 ,8 ,313 ,2608 ,20477 ,10 ,263 ,161 ,5663 ,10010 ,1040 ,2634 ,40 ,147449 ,,2436 ,4117 ,541 ,,,1104 ,,2998 ,,1125 ,21168 ,23734 ,1633 ,406 ,131 ,819 ,11265 ,,,24 ,111 ,,,15 ,99 ,,,6859 ,2684 ,634 ,2243 ,202 ,4639 ,13 ,3555 ,5371 ,11803 ,,,36777 ,,,,29 ,914 ,,,,,,,,,6751 ,238 ,1 ,,12 ,48 ,1 ,23 ,54 ,,,18 ,,253 ,,,37 ,95 ,12 ,8 ,,86 ,204 ,58 ,42 ,,39 ,7 ,13 ,120 ,4 ,,,10 ,228 ,,3 ,8 ,16 ,13 ,55 ,,,,244 ,4 ,52 ,186 ,3796 ,603 ,3 ,157 ,,,367910 ,,,,42589 ,192 ,468 ,146 ,,193 ,269 ,53 ,99 ,276 ,7776 ,198 ,282 ,,,,158 ,315211 ,,,13789 ,3309 ,151 ,5866 ,1018 ,935 ,271 ,59 ,103 ,1013 ,,235 ,829 ,26392 ,21265 ,,,,,5070 ,,,,,,,,57 ,595 ,491 
1971 ,598061 ,175393 ,153 ,,227 ,25 ,10 ,,,285 ,415 ,283 ,38774 ,8112 ,68 ,28 ,,7886 ,6268 ,1369 ,117 ,1551 ,131 ,77545 ,52 ,158 ,184 ,428 ,3733 ,19 ,2 ,5 ,182 ,1576 ,12672 ,4 ,206 ,141 ,4124 ,6617 ,511 ,1511 ,21 ,99072 ,,1509 ,1877 ,164 ,,,311 ,,2708 ,,735 ,10422 ,18686 ,1264 ,286 ,41 ,651 ,6378 ,,,12 ,67 ,,,10 ,18 ,,,4975 ,2363 ,476 ,836 ,220 ,2764 ,2 ,2709 ,4100 ,4786 ,,,29853 ,,,,17 ,832 ,,,,,,,,,4862 ,39 ,4 ,,23 ,8 ,8 ,20 ,178 ,,,7 ,,80 ,,,56 ,71 ,44 ,2 ,,36 ,153 ,26 ,27 ,,12 ,1 ,10 ,82 ,3 ,,,12 ,194 ,,7 ,18 ,12 ,16 ,52 ,,,,85 ,5 ,46 ,66 ,2936 ,479 ,5 ,39 ,,,292322 ,,,,15612 ,159 ,358 ,135 ,,189 ,253 ,21 ,97 ,185 ,3847 ,60 ,256 ,,,,121 ,271029 ,,,8561 ,1744 ,117 ,3270 ,546 ,800 ,171 ,37 ,67 ,1036 ,,138 ,635 ,17039 ,14406 ,,,,,2572 ,,,,,,,,61 ,637 ,175 
1972 ,662474 ,197847 ,144 ,10 ,211 ,26 ,17 ,147 ,,410 ,541 ,994 ,47536 ,12645 ,95 ,23 ,,6652 ,6549 ,1382 ,130 ,1910 ,133 ,85757 ,123 ,113 ,202 ,397 ,4300 ,17 ,4 ,,233 ,1343 ,10860 ,8 ,205 ,132 ,5701 ,6912 ,749 ,1199 ,37 ,122383 ,1 ,2079 ,1898 ,335 ,,,582 ,,3125 ,,978 ,14563 ,21632 ,1406 ,351 ,76 ,713 ,7324 ,,,22 ,58 ,,,5 ,18 ,,,5475 ,3017 ,1015 ,1149 ,287 ,4953 ,2 ,4473 ,5254 ,5720 ,,,35384 ,,,,9 ,479 ,,,,,,,,,5054 ,67 ,3 ,1 ,8 ,20 ,3 ,3 ,53 ,,,4 ,,83 ,2 ,,39 ,45 ,6 ,8 ,,30 ,195 ,30 ,64 ,3 ,18 ,4 ,21 ,124 ,3 ,45 ,,3 ,179 ,,2 ,15 ,5 ,10 ,79 ,2 ,,,93 ,4 ,108 ,73 ,3130 ,423 ,5 ,41 ,,,308295 ,24 ,,,18134 ,157 ,451 ,106 ,,132 ,260 ,29 ,56 ,170 ,6426 ,76 ,262 ,,,,159 ,281853 ,,,9957 ,1355 ,130 ,4772 ,501 ,638 ,175 ,34 ,208 ,1294 ,,158 ,692 ,18128 ,15236 ,80 ,,,,2696 ,35 ,,,,11 ,,,70 ,733 ,77 
1973 ,740738 ,240074 ,126 ,34 ,263 ,22 ,26 ,490 ,,376 ,786 ,1991 ,50866 ,16893 ,127 ,44 ,,7377 ,8716 ,1856 ,123 ,1771 ,139 ,110804 ,632 ,134 ,242 ,453 ,6375 ,27 ,5 ,2 ,231 ,1852 ,7874 ,13 ,258 ,148 ,8269 ,7837 ,1437 ,1411 ,44 ,143292 ,,2855 ,2236 ,385 ,,,499 ,,3353 ,,988 ,18628 ,26215 ,1505 ,380 ,73 ,873 ,9871 ,,,9 ,85 ,,,7 ,38 ,,,6219 ,2916 ,855 ,1732 ,359 ,3804 ,5 ,6436 ,4789 ,6243 ,,,41338 ,,,,7 ,589 ,,,,,,,,,6561 ,179 ,2 ,4 ,38 ,15 ,1 ,13 ,109 ,,,3 ,,85 ,1 ,,37 ,90 ,14 ,24 ,,56 ,230 ,36 ,82 ,1 ,24 ,8 ,24 ,122 ,2 ,44 ,,7 ,212 ,,,9 ,12 ,5 ,98 ,9 ,,,117 ,6 ,76 ,77 ,4177 ,442 ,8 ,62 ,,,316374 ,15 ,1 ,,20147 ,182 ,623 ,93 ,,232 ,274 ,19 ,80 ,154 ,6051 ,85 ,288 ,,,,142 ,287988 ,,,12366 ,1657 ,124 ,6734 ,478 ,944 ,201 ,10 ,130 ,1305 ,,169 ,614 ,21087 ,17805 ,100 ,,,,2996 ,39 ,,,,73 ,,,74 ,979 ,5 
1974 ,724017 ,267881 ,166 ,31 ,267 ,79 ,15 ,490 ,,349 ,721 ,3161 ,60876 ,15463 ,273 ,42 ,,7098 ,9660 ,2357 ,438 ,1672 ,179 ,124263 ,675 ,175 ,413 ,422 ,6855 ,39 ,27 ,1 ,277 ,1845 ,10411 ,22 ,323 ,169 ,7469 ,8953 ,846 ,1292 ,67 ,138320 ,,1869 ,2225 ,367 ,,,576 ,,3500 ,,1286 ,15397 ,25843 ,1767 ,631 ,35 ,762 ,8271 ,,,7 ,84 ,,,12 ,159 ,,,6333 ,3570 ,860 ,1439 ,428 ,4722 ,1 ,4946 ,5668 ,7310 ,,,39393 ,,,,13 ,846 ,,,,,,,,,7024 ,103 ,5 ,2 ,25 ,25 ,8 ,4 ,88 ,,,5 ,,50 ,26 ,,45 ,98 ,7 ,13 ,,44 ,177 ,32 ,170 ,,49 ,12 ,27 ,131 ,,63 ,,9 ,299 ,,3 ,18 ,6 ,8 ,109 ,24 ,,,153 ,4 ,61 ,106 ,4342 ,595 ,4 ,74 ,,,273349 ,8 ,27 ,,19765 ,206 ,748 ,131 ,,176 ,188 ,17 ,70 ,128 ,5551 ,118 ,279 ,,,,111 ,245826 ,,,12341 ,2726 ,162 ,5765 ,578 ,711 ,229 ,19 ,149 ,1240 ,,202 ,560 ,23821 ,20162 ,115 ,,,,3377 ,44 ,,,,37 ,,,86 ,1267 ,14 
1975 ,780298 ,306773 ,149 ,139 ,292 ,57 ,20 ,474 ,,87 ,873 ,4441 ,77091 ,19318 ,141 ,32 ,,7323 ,11377 ,3490 ,495 ,1722 ,233 ,129186 ,586 ,209 ,328 ,493 ,8977 ,55 ,20 ,8 ,326 ,2069 ,12574 ,40 ,540 ,260 ,9582 ,11795 ,1248 ,637 ,86 ,149832 ,4 ,2493 ,2756 ,472 ,,,505 ,,3362 ,,1235 ,15983 ,26101 ,1681 ,470 ,55 ,899 ,8203 ,,,21 ,116 ,,,9 ,68 ,,,7041 ,4147 ,1027 ,991 ,468 ,5443 ,8 ,5542 ,6115 ,7498 ,,,45872 ,,,,26 ,1221 ,,,,,,,,,7801 ,299 ,8 ,,15 ,22 ,5 ,8 ,54 ,1 ,,9 ,,52 ,11 ,,103 ,91 ,4 ,18 ,21 ,31 ,176 ,37 ,143 ,1 ,26 ,12 ,40 ,198 ,1 ,54 ,,42 ,410 ,,5 ,18 ,8 ,10 ,135 ,29 ,,,134 ,9 ,103 ,81 ,4365 ,939 ,4 ,69 ,,,270788 ,15 ,17 ,,23565 ,300 ,816 ,139 ,,308 ,226 ,27 ,142 ,153 ,7070 ,221 ,331 ,,,,238 ,237219 ,1 ,,15051 ,3539 ,189 ,6522 ,550 ,956 ,372 ,80 ,182 ,1384 ,,250 ,1027 ,28528 ,24449 ,144 ,,,,3699 ,86 ,11 ,,,50 ,,,89 ,1522 ,3 
1976 ,881203 ,335974 ,213 ,109 ,318 ,148 ,22 ,710 ,,24 ,1003 ,4018 ,82898 ,22721 ,313 ,49 ,,8078 ,13262 ,4639 ,582 ,1771 ,447 ,141123 ,644 ,341 ,45 ,390 ,8786 ,42 ,56 ,2 ,339 ,2473 ,13073 ,70 ,686 ,337 ,10282 ,14015 ,1487 ,342 ,116 ,167846 ,5 ,2894 ,3750 ,370 ,,,773 ,,3966 ,,1448 ,18714 ,27856 ,2153 ,584 ,65 ,1073 ,8531 ,,,20 ,135 ,,,10 ,68 ,,,8388 ,4073 ,1200 ,1128 ,424 ,5024 ,5 ,5904 ,7348 ,6862 ,,,53860 ,,,,16 ,1199 ,,,,,,,,,7613 ,329 ,3 ,4 ,24 ,33 ,10 ,9 ,83 ,6 ,,10 ,,102 ,19 ,,58 ,131 ,25 ,5 ,,82 ,221 ,56 ,177 ,1 ,19 ,35 ,56 ,365 ,1 ,42 ,5 ,21 ,454 ,,2 ,41 ,15 ,8 ,161 ,44 ,1 ,1 ,120 ,3 ,125 ,101 ,3203 ,1331 ,5 ,65 ,,1 ,316219 ,15 ,8 ,,29331 ,293 ,750 ,188 ,,245 ,367 ,31 ,168 ,149 ,9242 ,152 ,353 ,,,,235 ,274686 ,6 ,,16025 ,2399 ,240 ,7804 ,861 ,1226 ,442 ,36 ,221 ,1144 ,38 ,377 ,1237 ,35771 ,31676 ,134 ,,,,3698 ,46 ,88 ,,,57 ,,,72 ,1755 ,
1977 ,983069 ,374615 ,311 ,170 ,385 ,121 ,3 ,783 ,,10 ,963 ,4039 ,88813 ,25620 ,739 ,90 ,,8837 ,15245 ,4916 ,695 ,3024 ,378 ,156605 ,1132 ,410 ,28 ,525 ,9834 ,80 ,60 ,7 ,387 ,3088 ,16138 ,42 ,993 ,420 ,11545 ,15340 ,1723 ,989 ,127 ,195586 ,,4093 ,4235 ,521 ,,,533 ,,4403 ,,2030 ,20960 ,33938 ,2458 ,808 ,82 ,1045 ,9530 ,,,24 ,150 ,,,5 ,73 ,,,9686 ,5174 ,1225 ,1333 ,607 ,4998 ,4 ,8094 ,8808 ,7444 ,,,61834 ,,,,12 ,1479 ,,,,,,,,,8350 ,366 ,5 ,12 ,16 ,28 ,18 ,,102 ,,,6 ,,90 ,2 ,,27 ,192 ,28 ,2 ,,88 ,274 ,70 ,189 ,3 ,40 ,24 ,66 ,241 ,,97 ,13 ,8 ,705 ,,6 ,58 ,39 ,28 ,201 ,94 ,,9 ,142 ,6 ,195 ,106 ,3157 ,1477 ,48 ,70 ,,2 ,348388 ,19 ,16 ,,34898 ,410 ,582 ,133 ,,281 ,440 ,43 ,151 ,128 ,6715 ,183 ,418 ,,,,215 ,303755 ,1 ,,18995 ,4254 ,378 ,6153 ,1524 ,1643 ,479 ,68 ,188 ,1146 ,34 ,544 ,2584 ,35339 ,31054 ,129 ,,,,3707 ,45 ,285 ,,,45 ,,,74 ,1796 ,
1978 ,1017149 ,419201 ,240 ,205 ,402 ,131 ,22 ,1192 ,,47 ,1197 ,5951 ,99237 ,23273 ,402 ,147 ,,11561 ,14392 ,5172 ,924 ,3219 ,442 ,184101 ,1782 ,374 ,19 ,508 ,9377 ,67 ,59 ,6 ,564 ,3951 ,20375 ,59 ,1328 ,412 ,11765 ,14254 ,841 ,1034 ,169 ,209812 ,13 ,3421 ,5074 ,402 ,,,697 ,,5276 ,,2323 ,22999 ,35743 ,2111 ,530 ,113 ,1161 ,11780 ,,,28 ,147 ,,,16 ,63 ,,,10508 ,5256 ,1243 ,1611 ,598 ,6220 ,2 ,8192 ,9594 ,8585 ,,,64457 ,,,,15 ,1634 ,,,,,,,,,9381 ,572 ,14 ,3 ,38 ,12 ,11 ,9 ,66 ,3 ,,22 ,,71 ,17 ,,101 ,188 ,28 ,3 ,2 ,127 ,352 ,63 ,267 ,3 ,53 ,20 ,32 ,223 ,9 ,40 ,21 ,58 ,808 ,,22 ,53 ,53 ,16 ,178 ,109 ,2 ,7 ,228 ,16 ,150 ,123 ,3512 ,1582 ,22 ,63 ,,9 ,322382 ,25 ,19 ,,34172 ,693 ,603 ,193 ,,360 ,521 ,44 ,216 ,145 ,9300 ,149 ,439 ,,,,254 ,275240 ,9 ,,21396 ,5234 ,312 ,7696 ,1505 ,1992 ,631 ,50 ,326 ,849 ,72 ,392 ,2337 ,33161 ,28877 ,122 ,,,,3761 ,30 ,221 ,,16 ,65 ,,,69 ,1816 ,
1979 ,1089341 ,512108 ,273 ,127 ,445 ,125 ,41 ,1304 ,,48 ,1396 ,11622 ,165708 ,24094 ,383 ,146 ,,11673 ,12978 ,3368 ,1367 ,2978 ,514 ,199146 ,2678 ,431 ,49 ,598 ,10645 ,101 ,65 ,9 ,468 ,3970 ,23223 ,70 ,1378 ,376 ,12927 ,14702 ,1045 ,1422 ,215 ,214055 ,3 ,4044 ,4683 ,496 ,,,790 ,,4955 ,,1898 ,22217 ,38458 ,2287 ,851 ,133 ,1196 ,10643 ,,,43 ,186 ,,,22 ,62 ,,,9664 ,4349 ,1214 ,1843 ,532 ,6037 ,8 ,6200 ,9469 ,9025 ,,,71387 ,,,,22 ,1338 ,,,,,,,,,8505 ,398 ,14 ,4 ,18 ,7 ,5 ,5 ,74 ,4 ,5 ,21 ,,70 ,34 ,,74 ,137 ,49 ,4 ,3 ,90 ,291 ,91 ,220 ,2 ,73 ,20 ,48 ,167 ,19 ,67 ,7 ,46 ,824 ,,43 ,105 ,61 ,35 ,197 ,68 ,2 ,9 ,167 ,9 ,217 ,76 ,3037 ,1483 ,15 ,69 ,,21 ,302169 ,18 ,13 ,,34215 ,773 ,479 ,294 ,62 ,275 ,337 ,19 ,199 ,138 ,8066 ,83 ,449 ,,,,241 ,256507 ,1 ,,23410 ,7173 ,317 ,7488 ,1624 ,1993 ,533 ,52 ,473 ,936 ,34 ,576 ,2211 ,27193 ,22579 ,148 ,1 ,,,4092 ,41 ,157 ,,59 ,59 ,,,57 ,1901 ,
1980 ,1295866 ,640637 ,176 ,187 ,472 ,170 ,37 ,1404 ,,118 ,1489 ,18336 ,235549 ,32239 ,440 ,120 ,,13997 ,17854 ,4145 ,1366 ,3301 ,592 ,212973 ,4236 ,491 ,156 ,836 ,14688 ,119 ,46 ,23 ,472 ,4843 ,27902 ,79 ,1597 ,608 ,18346 ,17884 ,1576 ,1527 ,243 ,249806 ,11 ,4530 ,5530 ,624 ,,,865 ,,5971 ,,2608 ,25855 ,40532 ,2429 ,695 ,147 ,1552 ,12405 ,,,26 ,249 ,,,34 ,35 ,,,10789 ,5235 ,1253 ,2278 ,363 ,6103 ,4 ,8930 ,10613 ,9427 ,,,89368 ,,,,10 ,1335 ,,,,,,,,,11394 ,402 ,17 ,2 ,26 ,7 ,7 ,28 ,164 ,7 ,1 ,28 ,,101 ,29 ,,98 ,113 ,36 ,6 ,11 ,108 ,327 ,62 ,259 ,2 ,59 ,35 ,51 ,345 ,18 ,62 ,10 ,43 ,1328 ,,68 ,67 ,48 ,17 ,257 ,79 ,,11 ,201 ,17 ,248 ,96 ,4386 ,1855 ,13 ,153 ,51 ,35 ,334638 ,25 ,23 ,,40821 ,768 ,461 ,568 ,65 ,166 ,334 ,101 ,157 ,122 ,12073 ,85 ,543 ,2 ,,,341 ,277980 ,3 ,,27294 ,9825 ,284 ,8381 ,1625 ,2111 ,627 ,48 ,314 ,1362 ,31 ,595 ,2091 ,29959 ,23985 ,148 ,15 ,,,5340 ,44 ,172 ,,84 ,76 ,6 ,,89 ,2138 ,
1981 ,1552296 ,798658 ,157 ,242 ,556 ,256 ,37 ,1325 ,,96 ,1708 ,17550 ,305233 ,46614 ,548 ,166 ,,16038 ,24368 ,1367 ,1543 ,3852 ,690 ,250709 ,4660 ,645 ,257 ,815 ,20896 ,85 ,127 ,22 ,606 ,4892 ,37483 ,136 ,1934 ,663 ,25398 ,23768 ,1601 ,1414 ,201 ,292385 ,10 ,4698 ,6169 ,643 ,,,783 ,,6405 ,,2812 ,27616 ,41723 ,2470 ,925 ,167 ,1518 ,14639 ,,,29 ,199 ,,,31 ,68 ,,,12055 ,6554 ,1009 ,3421 ,319 ,6383 ,12 ,8470 ,11457 ,9712 ,,,120771 ,,,,52 ,1265 ,,,,,,,,,14607 ,403 ,18 ,4 ,49 ,30 ,8 ,15 ,130 ,19 ,12 ,26 ,,101 ,46 ,,138 ,163 ,50 ,4 ,6 ,74 ,331 ,97 ,277 ,3 ,44 ,54 ,49 ,358 ,14 ,89 ,8 ,80 ,1573 ,,16 ,90 ,51 ,32 ,239 ,87 ,4 ,22 ,214 ,24 ,262 ,103 ,6717 ,2188 ,23 ,87 ,164 ,11 ,375619 ,29 ,30 ,,44718 ,733 ,492 ,1002 ,104 ,205 ,346 ,65 ,218 ,158 ,15836 ,116 ,540 ,4 ,1 ,,287 ,310726 ,9 ,,29760 ,8978 ,342 ,9438 ,1854 ,2526 ,730 ,41 ,365 ,1646 ,68 ,831 ,2941 ,38825 ,29276 ,243 ,9 ,,,8669 ,40 ,216 ,,137 ,117 ,44 ,4 ,70 ,2442 ,
1982 ,1708306 ,878175 ,193 ,272 ,608 ,245 ,89 ,1128 ,,206 ,2000 ,20532 ,311125 ,59898 ,396 ,138 ,,17265 ,27452 ,1627 ,1578 ,4491 ,714 ,284598 ,4731 ,730 ,100 ,748 ,24120 ,80 ,145 ,27 ,584 ,5288 ,37878 ,145 ,1852 ,628 ,31754 ,31422 ,1721 ,1403 ,264 ,322991 ,14 ,4907 ,4867 ,703 ,,,1196 ,,6263 ,,3240 ,29717 ,42066 ,2503 ,850 ,235 ,1714 ,13725 ,,,35 ,237 ,,,27 ,78 ,,,11452 ,6492 ,582 ,4375 ,190 ,5491 ,7 ,7283 ,11386 ,10610 ,,,151545 ,,,,25 ,1176 ,,,,,,,,,16050 ,401 ,40 ,9 ,36 ,36 ,2 ,27 ,65 ,10 ,18 ,31 ,,125 ,29 ,,120 ,128 ,20 ,12 ,8 ,132 ,470 ,91 ,275 ,5 ,87 ,42 ,84 ,446 ,15 ,110 ,17 ,58 ,1212 ,,19 ,84 ,34 ,36 ,249 ,213 ,1 ,26 ,200 ,16 ,349 ,130 ,8188 ,2070 ,14 ,113 ,130 ,17 ,412993 ,51 ,56 ,6 ,48166 ,521 ,401 ,976 ,66 ,183 ,384 ,58 ,226 ,210 ,8393 ,60 ,573 ,6 ,8 ,,437 ,352208 ,2 ,2 ,23441 ,2901 ,264 ,10336 ,1226 ,2692 ,466 ,46 ,354 ,1698 ,119 ,597 ,2742 ,51622 ,37785 ,245 ,23 ,,,13047 ,32 ,152 ,,126 ,113 ,15 ,13 ,71 ,3034 ,
1983 ,1900597 ,982688 ,186 ,289 ,578 ,295 ,55 ,1304 ,,152 ,2126 ,26606 ,331634 ,64727 ,445 ,197 ,,18250 ,31690 ,4190 ,974 ,7976 ,880 ,283971 ,4813 ,847 ,85 ,925 ,52460 ,88 ,179 ,34 ,770 ,5757 ,47887 ,165 ,2616 ,710 ,41338 ,43940 ,1935 ,1327 ,287 ,358264 ,18 ,5874 ,4994 ,784 ,,,1287 ,,6338 ,,5716 ,29133 ,44532 ,2491 ,1041 ,188 ,1861 ,14304 ,,,33 ,211 ,,,30 ,81 ,,,12825 ,6326 ,869 ,4780 ,284 ,7404 ,11 ,7463 ,12789 ,11147 ,,,174384 ,,,,37 ,1029 ,,,,,,,,,18211 ,358 ,33 ,10 ,48 ,23 ,5 ,21 ,66 ,28 ,9 ,18 ,,118 ,19 ,,139 ,168 ,31 ,6 ,7 ,133 ,386 ,109 ,290 ,5 ,163 ,44 ,40 ,304 ,18 ,113 ,11 ,52 ,1217 ,,30 ,123 ,88 ,43 ,299 ,177 ,2 ,45 ,232 ,21 ,286 ,164 ,9258 ,3128 ,25 ,132 ,152 ,14 ,464463 ,57 ,58 ,23 ,53613 ,448 ,411 ,1079 ,129 ,202 ,388 ,79 ,318 ,233 ,5278 ,77 ,507 ,5 ,7 ,,554 ,400984 ,8 ,5 ,18887 ,2840 ,268 ,7992 ,1181 ,2391 ,361 ,65 ,390 ,1686 ,102 ,467 ,1144 ,54284 ,38720 ,326 ,13 ,,,14751 ,47 ,141 ,,89 ,110 ,2 ,21 ,64 ,3800 ,
1984 ,2036488 ,1057926 ,235 ,357 ,633 ,294 ,54 ,1593 ,515 ,248 ,2917 ,51010 ,351294 ,52750 ,405 ,199 ,,20333 ,37965 ,10559 ,947 ,5713 ,776 ,292483 ,5812 ,764 ,101 ,859 ,64768 ,74 ,199 ,57 ,777 ,7387 ,49511 ,199 ,2679 ,455 ,43920 ,45978 ,1760 ,1096 ,250 ,365207 ,14 ,5462 ,5241 ,596 ,,,917 ,,7062 ,,6586 ,34624 ,49773 ,2709 ,1496 ,238 ,1670 ,15812 ,,,35 ,182 ,,,84 ,76 ,,,14203 ,5982 ,965 ,3918 ,240 ,7379 ,10 ,5780 ,13390 ,12236 ,,,167521 ,,,,15 ,991 ,,,,,,,,,18106 ,367 ,37 ,28 ,102 ,47 ,298 ,44 ,163 ,13 ,28 ,55 ,,183 ,51 ,,298 ,160 ,31 ,41 ,8 ,143 ,425 ,94 ,307 ,9 ,127 ,49 ,72 ,298 ,10 ,172 ,25 ,56 ,1078 ,1 ,20 ,128 ,46 ,27 ,328 ,146 ,,37 ,249 ,20 ,517 ,133 ,8352 ,2891 ,94 ,137 ,148 ,13 ,505344 ,51 ,63 ,17 ,53095 ,508 ,604 ,1050 ,108 ,189 ,633 ,69 ,306 ,213 ,9431 ,126 ,622 ,8 ,8 ,,479 ,437745 ,7 ,12 ,20406 ,3248 ,416 ,9250 ,1293 ,2295 ,379 ,51 ,381 ,1585 ,48 ,409 ,1051 ,65198 ,47803 ,494 ,31 ,,,16297 ,42 ,189 ,,123 ,116 ,8 ,19 ,76 ,4301 ,
1985 ,2259894 ,1168254 ,210 ,401 ,699 ,375 ,50 ,2299 ,863 ,137 ,3826 ,100972 ,356934 ,49153 ,649 ,199 ,,24385 ,47541 ,23949 ,1076 ,5523 ,754 ,296708 ,8222 ,916 ,142 ,762 ,71021 ,140 ,191 ,90 ,1001 ,9320 ,65529 ,190 ,2270 ,486 ,42817 ,44123 ,2701 ,1329 ,301 ,410735 ,2 ,6476 ,6226 ,903 ,,,1596 ,,7586 ,,8020 ,40194 ,49604 ,2550 ,1944 ,219 ,2214 ,21622 ,,,58 ,261 ,,,69 ,103 ,,,15467 ,8066 ,1344 ,4667 ,327 ,9416 ,11 ,7178 ,14770 ,14552 ,,,183863 ,,,,8 ,1419 ,,,,,,,,,13709 ,430 ,12 ,18 ,59 ,15 ,10 ,41 ,122 ,9 ,17 ,45 ,,193 ,83 ,,149 ,260 ,30 ,13 ,7 ,135 ,442 ,67 ,427 ,10 ,48 ,50 ,76 ,321 ,17 ,263 ,32 ,31 ,1598 ,,30 ,143 ,47 ,51 ,250 ,35 ,,33 ,237 ,43 ,387 ,130 ,3895 ,2912 ,102 ,160 ,201 ,23 ,564522 ,65 ,44 ,7 ,61270 ,572 ,698 ,1193 ,110 ,236 ,346 ,104 ,300 ,296 ,10380 ,113 ,568 ,4 ,6 ,4 ,479 ,487713 ,13 ,1 ,25862 ,3335 ,501 ,13889 ,1287 ,2399 ,612 ,61 ,326 ,1667 ,35 ,447 ,1303 ,71941 ,53553 ,442 ,29 ,,,17353 ,44 ,208 ,,110 ,98 ,4 ,22 ,78 ,4871 ,
1986 ,2021450 ,1014787 ,191 ,291 ,806 ,261 ,52 ,4417 ,621 ,75 ,3184 ,75275 ,300272 ,32271 ,318 ,186 ,,20300 ,31649 ,16404 ,746 ,6137 ,572 ,299602 ,9070 ,625 ,159 ,483 ,45589 ,113 ,126 ,56 ,986 ,13385 ,80508 ,69 ,1733 ,377 ,33943 ,30296 ,2279 ,1153 ,207 ,358365 ,,6274 ,5396 ,827 ,,,1431 ,,7184 ,,8221 ,35890 ,50480 ,2340 ,1690 ,296 ,2267 ,18953 ,,,37 ,248 ,,,19 ,67 ,,,14536 ,7144 ,1296 ,3558 ,305 ,8687 ,8 ,8298 ,14259 ,14894 ,,,142697 ,,,,16 ,1047 ,,,,,,,,,10771 ,245 ,10 ,11 ,81 ,14 ,14 ,11 ,131 ,6 ,7 ,45 ,,198 ,17 ,,65 ,505 ,37 ,15 ,1 ,141 ,431 ,58 ,214 ,11 ,54 ,34 ,50 ,272 ,14 ,320 ,80 ,3 ,1463 ,1 ,38 ,145 ,50 ,51 ,233 ,17 ,2 ,27 ,260 ,21 ,260 ,87 ,2729 ,1957 ,19 ,130 ,166 ,20 ,550200 ,52 ,77 ,15 ,55374 ,486 ,573 ,1168 ,8 ,247 ,428 ,49 ,278 ,254 ,7527 ,119 ,524 ,7 ,8 ,2 ,321 ,482670 ,11 ,2 ,26488 ,5227 ,379 ,13434 ,1222 ,2183 ,489 ,61 ,398 ,1674 ,23 ,386 ,1012 ,56784 ,40534 ,399 ,20 ,,,15096 ,36 ,239 ,,158 ,190 ,16 ,16 ,80 ,4055 ,
1987 ,2161275 ,1136710 ,239 ,226 ,866 ,183 ,45 ,5854 ,598 ,222 ,3452 ,73030 ,360636 ,30569 ,229 ,273 ,,20956 ,24254 ,20325 ,508 ,6268 ,532 ,360159 ,11627 ,455 ,145 ,437 ,40080 ,99 ,130 ,62 ,1292 ,12214 ,85267 ,100 ,1371 ,409 ,35973 ,33719 ,2713 ,1017 ,176 ,376164 ,4 ,5859 ,6193 ,1043 ,,,681 ,,7371 ,,8842 ,37663 ,55271 ,2440 ,2572 ,344 ,2755 ,21004 ,,,51 ,358 ,,,20 ,72 ,,,15987 ,5675 ,1502 ,4173 ,290 ,9249 ,6 ,10223 ,14763 ,16063 ,,,144463 ,,,,20 ,1207 ,,,,,,,,,9675 ,289 ,7 ,10 ,63 ,27 ,5 ,29 ,105 ,16 ,22 ,36 ,13 ,210 ,6 ,,46 ,503 ,62 ,15 ,1 ,152 ,435 ,70 ,229 ,14 ,51 ,31 ,36 ,351 ,22 ,396 ,22 ,10 ,760 ,2 ,32 ,165 ,41 ,50 ,253 ,14 ,1 ,31 ,241 ,25 ,233 ,113 ,2083 ,2010 ,9 ,133 ,182 ,13 ,551911 ,65 ,32 ,14 ,58536 ,394 ,384 ,1269 ,24 ,281 ,412 ,117 ,222 ,295 ,9020 ,115 ,515 ,9 ,14 ,4 ,264 ,479891 ,18 ,16 ,25797 ,4613 ,444 ,12126 ,1464 ,2400 ,648 ,72 ,418 ,1947 ,15 ,542 ,1108 ,57777 ,39169 ,263 ,36 ,,,17702 ,31 ,228 ,,64 ,145 ,11 ,37 ,91 ,3241 ,
1988 ,2414447 ,1387050 ,225 ,242 ,1097 ,112 ,61 ,14500 ,565 ,159 ,3944 ,112389 ,392723 ,29127 ,309 ,232 ,,21736 ,21425 ,14693 ,560 ,6547 ,526 ,515807 ,11804 ,375 ,245 ,436 ,45887 ,133 ,159 ,77 ,1671 ,20034 ,86567 ,81 ,1033 ,423 ,35241 ,41994 ,2225 ,1508 ,178 ,395843 ,3 ,6717 ,6544 ,969 ,,,1256 ,,7708 ,,9019 ,41214 ,58273 ,2534 ,2008 ,453 ,3352 ,23644 ,,,42 ,336 ,,,21 ,67 ,,,15904 ,5139 ,2038 ,4260 ,314 ,9502 ,3 ,11298 ,15423 ,16648 ,,,149954 ,,,,14 ,1186 ,,,,,,,,,10038 ,363 ,29 ,22 ,75 ,33 ,5 ,17 ,187 ,9 ,10 ,36 ,5 ,190 ,2 ,,39 ,761 ,42 ,29 ,2 ,124 ,518 ,65 ,165 ,13 ,69 ,39 ,19 ,460 ,19 ,369 ,124 ,8 ,824 ,1 ,70 ,190 ,39 ,55 ,200 ,7 ,3 ,28 ,252 ,24 ,296 ,172 ,1823 ,1769 ,35 ,188 ,193 ,21 ,530767 ,51 ,91 ,38 ,58583 ,355 ,493 ,963 ,16 ,261 ,408 ,61 ,234 ,309 ,10668 ,77 ,305 ,10 ,13 ,6 ,199 ,457620 ,5 ,1 ,31269 ,4624 ,475 ,16789 ,1477 ,2569 ,429 ,73 ,549 ,2045 ,20 ,547 ,1672 ,56542 ,40568 ,486 ,72 ,,,14674 ,26 ,324 ,,77 ,133 ,18 ,49 ,115 ,2938 ,
1989 ,2985764 ,1791652 ,189 ,196 ,1947 ,173 ,125 ,3425 ,521 ,197 ,6769 ,100144 ,501907 ,32007 ,223 ,255 ,,21500 ,26205 ,17050 ,949 ,6818 ,495 ,806065 ,15035 ,387 ,413 ,410 ,54569 ,194 ,127 ,73 ,2964 ,7060 ,88296 ,71 ,971 ,385 ,38201 ,49117 ,2716 ,3335 ,168 ,451968 ,9 ,8754 ,7668 ,942 ,,,1084 ,,7933 ,,9333 ,48171 ,63185 ,2717 ,1912 ,547 ,4105 ,27892 ,,,54 ,444 ,,,37 ,102 ,,,16492 ,4659 ,2795 ,4526 ,307 ,18087 ,7 ,13063 ,15363 ,17544 ,,,172833 ,,,,16 ,1387 ,,,,,,,,,11653 ,434 ,64 ,14 ,105 ,18 ,4 ,33 ,330 ,13 ,11 ,42 ,30 ,200 ,14 ,,40 ,971 ,89 ,32 ,12 ,109 ,649 ,61 ,105 ,46 ,103 ,62 ,39 ,349 ,20 ,425 ,31 ,16 ,1432 ,1 ,43 ,162 ,48 ,49 ,265 ,10 ,7 ,34 ,339 ,113 ,309 ,138 ,1723 ,1884 ,72 ,246 ,276 ,31 ,611779 ,75 ,40 ,62 ,60215 ,414 ,393 ,1203 ,13 ,275 ,391 ,86 ,265 ,379 ,9142 ,116 ,369 ,13 ,16 ,7 ,163 ,538117 ,14 ,11 ,48778 ,5452 ,601 ,29241 ,1661 ,2838 ,525 ,85 ,566 ,6084 ,20 ,471 ,1234 ,67390 ,49778 ,664 ,76 ,66 ,377 ,15418 ,70 ,419 ,,95 ,214 ,20 ,58 ,135 ,2544 ,
1990 ,3504470 ,2164373 ,217 ,335 ,2366 ,121 ,139 ,3078 ,661 ,184 ,5005 ,117814 ,610652 ,38622 ,251 ,277 ,,20623 ,32605 ,32125 ,688 ,7689 ,441 ,978984 ,14813 ,343 ,520 ,452 ,58112 ,523 ,189 ,80 ,1671 ,5544 ,108292 ,77 ,1015 ,410 ,43512 ,69477 ,4141 ,2149 ,176 ,516450 ,15 ,8261 ,8901 ,1172 ,,,1268 ,,7928 ,,9024 ,51995 ,66827 ,3850 ,2081 ,420 ,4755 ,29969 ,,,51 ,475 ,,,38 ,124 ,,,17715 ,5148 ,3196 ,5813 ,640 ,24135 ,18 ,16391 ,15827 ,16784 ,,,212043 ,,,,8 ,1578 ,,,,,,,,,12095 ,464 ,12 ,38 ,136 ,48 ,12 ,38 ,204 ,23 ,13 ,59 ,67 ,203 ,20 ,,35 ,727 ,88 ,72 ,21 ,127 ,810 ,47 ,138 ,165 ,142 ,123 ,40 ,421 ,25 ,445 ,23 ,24 ,1235 ,18 ,36 ,254 ,43 ,39 ,249 ,15 ,4 ,46 ,328 ,87 ,370 ,192 ,2011 ,1827 ,33 ,270 ,214 ,14 ,644525 ,240 ,266 ,118 ,64791 ,499 ,399 ,1271 ,36 ,276 ,329 ,97 ,193 ,377 ,9950 ,110 ,411 ,22 ,12 ,5 ,151 ,564958 ,6 ,8 ,92863 ,6040 ,908 ,67303 ,1489 ,2464 ,564 ,53 ,797 ,11478 ,21 ,445 ,1301 ,71547 ,53252 ,548 ,92 ,81 ,300 ,16396 ,23 ,319 ,,106 ,206 ,29 ,34 ,161 ,2617 ,
1991 ,3855952 ,2477006 ,254 ,293 ,4371 ,172 ,113 ,3366 ,511 ,241 ,5544 ,142150 ,686076 ,37483 ,261 ,301 ,,20302 ,34360 ,47976 ,121 ,9085 ,510 ,1097601 ,15135 ,257 ,679 ,504 ,78019 ,828 ,140 ,82 ,2154 ,6185 ,125329 ,172 ,1133 ,370 ,43375 ,105666 ,3265 ,2476 ,146 ,521864 ,10 ,8070 ,8108 ,646 ,,,1746 ,,7953 ,31 ,9294 ,51143 ,62337 ,4073 ,2077 ,557 ,5326 ,30452 ,,,57 ,444 ,11 ,41 ,16 ,131 ,,,18193 ,5343 ,2235 ,5534 ,625 ,30521 ,23 ,16773 ,14940 ,15748 ,,,105535 ,112060 ,,,14 ,1797 ,,,,,,,,,12867 ,436 ,65 ,41 ,107 ,27 ,18 ,26 ,200 ,10 ,5 ,52 ,55 ,190 ,17 ,,48 ,701 ,126 ,31 ,10 ,142 ,744 ,24 ,173 ,169 ,83 ,75 ,63 ,459 ,31 ,405 ,14 ,32 ,2290 ,36 ,40 ,210 ,47 ,15 ,272 ,19 ,4 ,24 ,324 ,29 ,339 ,193 ,2461 ,1503 ,42 ,188 ,211 ,41 ,631637 ,98 ,297 ,81 ,63120 ,507 ,496 ,1232 ,43 ,259 ,377 ,62 ,235 ,461 ,9417 ,151 ,391 ,19 ,10 ,4 ,200 ,554147 ,14 ,16 ,137933 ,6332 ,2104 ,96337 ,2036 ,2922 ,657 ,58 ,1015 ,23989 ,78 ,663 ,1742 ,72420 ,52058 ,608 ,60 ,120 ,305 ,18384 ,35 ,286 ,,121 ,255 ,35 ,45 ,108 ,2225 ,
1992 ,3926347 ,2519046 ,196 ,378 ,2992 ,212 ,105 ,3280 ,654 ,532 ,5704 ,187681 ,745835 ,39460 ,136 ,315 ,,21353 ,33374 ,15415 ,124 ,8514 ,703 ,1094724 ,15885 ,430 ,653 ,499 ,61655 ,936 ,151 ,96 ,1982 ,6533 ,120660 ,161 ,1217 ,437 ,41490 ,97568 ,3647 ,3199 ,160 ,535275 ,16 ,8168 ,7918 ,579 ,,207 ,1815 ,,9443 ,87 ,7982 ,49768 ,65101 ,3707 ,2456 ,342 ,5305 ,27179 ,,,61 ,396 ,62 ,82 ,10 ,105 ,,,18435 ,5404 ,2261 ,6204 ,719 ,25879 ,12 ,13854 ,15070 ,15640 ,,,107425 ,132513 ,2 ,,14 ,917 ,,,,,137 ,,,,12721 ,334 ,58 ,51 ,92 ,16 ,8 ,38 ,153 ,8 ,6 ,32 ,37 ,204 ,17 ,,41 ,791 ,145 ,20 ,2 ,161 ,686 ,22 ,118 ,33 ,93 ,61 ,73 ,427 ,50 ,385 ,18 ,18 ,1366 ,33 ,19 ,179 ,34 ,19 ,256 ,31 ,4 ,25 ,326 ,23 ,408 ,314 ,3035 ,1972 ,51 ,205 ,201 ,22 ,660129 ,39 ,69 ,66 ,70689 ,439 ,469 ,1161 ,38 ,263 ,391 ,42 ,642 ,510 ,10371 ,140 ,362 ,14 ,4 ,1 ,219 ,574181 ,7 ,12 ,117116 ,5883 ,1731 ,81495 ,2025 ,3023 ,565 ,58 ,859 ,19405 ,27 ,560 ,1485 ,80186 ,57171 ,624 ,67 ,108 ,286 ,21093 ,36 ,338 ,,133 ,178 ,23 ,39 ,90 ,1874 ,
1993 ,3747157 ,2389764 ,213 ,358 ,2386 ,167 ,126 ,3112 ,601 ,625 ,4269 ,204302 ,700294 ,33391 ,113 ,275 ,,22429 ,31711 ,4389 ,91 ,8310 ,659 ,1069450 ,13397 ,438 ,550 ,447 ,46935 ,1280 ,158 ,97 ,1837 ,5615 ,109353 ,209 ,1118 ,461 ,39097 ,72812 ,3880 ,4616 ,193 ,518625 ,23 ,8224 ,7912 ,708 ,2 ,196 ,,1534 ,8690 ,77 ,7844 ,50463 ,64102 ,3539 ,2450 ,376 ,5745 ,25647 ,,2 ,82 ,336 ,98 ,99 ,16 ,147 ,1 ,,18054 ,5915 ,2177 ,6682 ,746 ,31405 ,17 ,9707 ,14265 ,15819 ,,,110698 ,113063 ,9 ,,11 ,933 ,2 ,,,,209 ,600 ,,,13445 ,355 ,39 ,58 ,131 ,25 ,13 ,26 ,108 ,12 ,6 ,53 ,43 ,196 ,41 ,2 ,86 ,1270 ,121 ,27 ,7 ,167 ,681 ,41 ,87 ,34 ,89 ,51 ,77 ,437 ,43 ,396 ,33 ,8 ,1052 ,38 ,14 ,176 ,38 ,12 ,243 ,32 ,3 ,47 ,390 ,22 ,525 ,375 ,2997 ,2170 ,57 ,220 ,227 ,44 ,637881 ,51 ,64 ,74 ,73738 ,492 ,421 ,1083 ,81 ,283 ,311 ,55 ,386 ,600 ,10219 ,166 ,418 ,13 ,15 ,2 ,285 ,549090 ,16 ,18 ,102486 ,5430 ,1829 ,70719 ,2059 ,3524 ,635 ,60 ,726 ,15287 ,34 ,598 ,1585 ,83152 ,59906 ,666 ,77 ,122 ,257 ,21337 ,21 ,309 ,,94 ,177 ,42 ,29 ,115 ,1804 ,
1994 ,3831367 ,2454541 ,306 ,433 ,2304 ,261 ,133 ,3445 ,868 ,797 ,4394 ,210476 ,681183 ,31535 ,133 ,276 ,,22969 ,31044 ,3658 ,70 ,6460 ,644 ,1140372 ,14565 ,656 ,622 ,411 ,43616 ,1557 ,265 ,154 ,2174 ,5399 ,126739 ,335 ,1250 ,499 ,41281 ,63812 ,3536 ,5789 ,120 ,530447 ,36 ,8438 ,8184 ,929 ,2 ,470 ,,1885 ,9085 ,136 ,7678 ,53883 ,65755 ,3150 ,2853 ,402 ,6366 ,25217 ,2 ,6 ,61 ,343 ,142 ,107 ,20 ,154 ,3 ,54 ,18487 ,5472 ,2654 ,5533 ,1104 ,25125 ,26 ,10310 ,15284 ,16024 ,,1 ,123638 ,109502 ,29 ,1 ,14 ,711 ,3 ,1 ,5 ,,437 ,725 ,,,13221 ,381 ,45 ,53 ,155 ,27 ,7 ,39 ,144 ,10 ,12 ,79 ,52 ,215 ,34 ,12 ,74 ,719 ,118 ,26 ,4 ,150 ,798 ,32 ,65 ,39 ,87 ,50 ,48 ,462 ,54 ,381 ,43 ,30 ,555 ,41 ,17 ,227 ,38 ,18 ,145 ,33 ,4 ,50 ,416 ,32 ,478 ,508 ,3117 ,2452 ,51 ,310 ,263 ,21 ,637623 ,54 ,48 ,74 ,75560 ,431 ,390 ,992 ,56 ,292 ,343 ,39 ,310 ,638 ,9226 ,156 ,367 ,10 ,10 ,5 ,332 ,548265 ,12 ,13 ,102665 ,5694 ,1266 ,72236 ,2072 ,3632 ,735 ,69 ,847 ,14137 ,36 ,678 ,1263 ,90929 ,63323 ,734 ,90 ,82 ,229 ,25513 ,33 ,307 ,23 ,98 ,192 ,39 ,47 ,219 ,1941 ,
1995 ,3732450 ,2344748 ,297 ,305 ,2522 ,128 ,110 ,3669 ,916 ,819 ,4933 ,229965 ,614931 ,20378 ,133 ,270 ,,25070 ,31265 ,3124 ,76 ,6260 ,743 ,1103566 ,15708 ,506 ,850 ,406 ,48864 ,1461 ,147 ,142 ,2686 ,5528 ,105838 ,128 ,993 ,440 ,41513 ,57767 ,4302 ,7868 ,121 ,513915 ,49 ,8564 ,8183 ,1056 ,7 ,561 ,,2355 ,8950 ,176 ,7783 ,55689 ,69939 ,2522 ,3590 ,380 ,7104 ,25429 ,1 ,24 ,100 ,333 ,169 ,284 ,14 ,187 ,13 ,55 ,19883 ,6122 ,2843 ,4235 ,1657 ,24232 ,15 ,11757 ,15942 ,17678 ,,,131105 ,72811 ,73 ,12 ,8 ,815 ,16 ,8 ,1 ,1 ,469 ,715 ,,,14332 ,403 ,43 ,43 ,207 ,22 ,12 ,40 ,286 ,14 ,5 ,47 ,50 ,204 ,14 ,25 ,58 ,804 ,138 ,11 ,3 ,216 ,787 ,42 ,121 ,39 ,113 ,67 ,60 ,467 ,59 ,358 ,23 ,27 ,659 ,71 ,20 ,187 ,64 ,14 ,161 ,37 ,3 ,52 ,445 ,27 ,520 ,1076 ,3171 ,2325 ,55 ,313 ,258 ,66 ,648800 ,59 ,98 ,75 ,77125 ,499 ,689 ,930 ,48 ,348 ,478 ,89 ,356 ,595 ,7947 ,159 ,452 ,16 ,13 ,6 ,311 ,558474 ,13 ,20 ,117419 ,4721 ,1431 ,90322 ,2319 ,3529 ,728 ,68 ,807 ,11514 ,39 ,655 ,1286 ,91723 ,61373 ,716 ,96 ,94 ,275 ,27894 ,29 ,333 ,258 ,126 ,288 ,37 ,65 ,139 ,1513 ,
1996 ,4244529 ,2684751 ,434 ,336 ,3135 ,225 ,139 ,3949 ,775 ,997 ,5619 ,257393 ,756785 ,27761 ,140 ,273 ,,28346 ,36837 ,3400 ,90 ,7203 ,609 ,1224441 ,16132 ,328 ,945 ,479 ,53069 ,1614 ,162 ,139 ,3287 ,6352 ,106394 ,175 ,1208 ,544 ,51956 ,68987 ,4485 ,9473 ,135 ,620480 ,68 ,9636 ,8912 ,1111 ,166 ,598 ,,2589 ,9592 ,204 ,7982 ,59120 ,77717 ,2651 ,2968 ,543 ,8253 ,29048 ,73 ,243 ,79 ,291 ,174 ,269 ,26 ,288 ,36 ,129 ,20171 ,6713 ,3178 ,4993 ,1608 ,26349 ,15 ,12623 ,17559 ,17637 ,10 ,21 ,145584 ,138254 ,345 ,198 ,10 ,653 ,30 ,43 ,12 ,45 ,621 ,1019 ,23 ,,14067 ,297 ,23 ,42 ,199 ,18 ,9 ,39 ,147 ,19 ,6 ,43 ,32 ,345 ,18 ,29 ,149 ,991 ,105 ,19 ,5 ,216 ,756 ,21 ,89 ,28 ,113 ,106 ,54 ,479 ,65 ,418 ,58 ,20 ,764 ,70 ,48 ,208 ,55 ,8 ,155 ,27 ,7 ,54 ,465 ,32 ,632 ,483 ,3189 ,2324 ,47 ,199 ,317 ,25 ,707512 ,69 ,65 ,48 ,87246 ,447 ,482 ,1030 ,74 ,288 ,366 ,89 ,259 ,502 ,8811 ,153 ,399 ,17 ,13 ,26 ,450 ,606652 ,18 ,8 ,120257 ,5337 ,1491 ,94068 ,2299 ,3132 ,470 ,65 ,835 ,10549 ,22 ,768 ,1221 ,94907 ,66697 ,783 ,77 ,86 ,282 ,25751 ,30 ,384 ,257 ,107 ,231 ,43 ,38 ,141 ,2555 ,
1997 ,4669514 ,2875201 ,438 ,356 ,2966 ,120 ,183 ,4239 ,936 ,1097 ,7218 ,283467 ,857877 ,30806 ,162 ,461 ,,33316 ,43313 ,4288 ,59 ,8536 ,582 ,1236597 ,15061 ,336 ,878 ,526 ,55491 ,2066 ,196 ,129 ,3384 ,7676 ,124856 ,186 ,1228 ,619 ,62397 ,67015 ,5227 ,10753 ,160 ,773515 ,69 ,10393 ,9725 ,1117 ,421 ,810 ,,2712 ,9997 ,379 ,9403 ,63814 ,84456 ,2884 ,3173 ,572 ,10833 ,31370 ,118 ,526 ,80 ,422 ,175 ,332 ,29 ,217 ,58 ,191 ,22356 ,8119 ,3476 ,5320 ,1915 ,30120 ,17 ,12039 ,20037 ,19323 ,40 ,51 ,170251 ,231599 ,1295 ,494 ,9 ,259 ,60 ,90 ,5 ,129 ,606 ,1377 ,60 ,192 ,15495 ,346 ,16 ,63 ,242 ,32 ,11 ,39 ,149 ,14 ,9 ,60 ,34 ,423 ,23 ,22 ,49 ,1150 ,166 ,18 ,15 ,227 ,817 ,24 ,74 ,35 ,114 ,129 ,71 ,505 ,64 ,342 ,77 ,32 ,977 ,45 ,47 ,216 ,49 ,10 ,135 ,36 ,6 ,35 ,438 ,51 ,635 ,624 ,3649 ,2467 ,53 ,220 ,378 ,32 ,755453 ,83 ,66 ,84 ,96516 ,474 ,606 ,1179 ,83 ,319 ,397 ,95 ,358 ,490 ,10585 ,162 ,430 ,26 ,19 ,10 ,508 ,642933 ,5 ,25 ,134560 ,5484 ,1796 ,104323 ,2607 ,3202 ,433 ,54 ,868 ,13395 ,45 ,761 ,1592 ,111036 ,79548 ,789 ,100 ,110 ,311 ,28597 ,43 ,466 ,388 ,98 ,318 ,47 ,68 ,153 ,4254 ,
1998 ,4556845 ,2617778 ,756 ,416 ,2814 ,175 ,156 ,4012 ,755 ,1052 ,8284 ,299573 ,874985 ,53278 ,200 ,582 ,,34819 ,25747 ,4871 ,93 ,8660 ,630 ,960556 ,13519 ,460 ,1075 ,516 ,42768 ,2371 ,206 ,136 ,3370 ,8259 ,129053 ,149 ,1730 ,636 ,59896 ,54457 ,4936 ,11663 ,164 ,873891 ,67 ,10215 ,10132 ,1149 ,566 ,805 ,,3130 ,9758 ,414 ,10606 ,69026 ,88089 ,2922 ,4070 ,485 ,10987 ,31211 ,203 ,731 ,98 ,369 ,330 ,455 ,37 ,267 ,85 ,193 ,23800 ,8510 ,3883 ,6970 ,2976 ,26896 ,28 ,14164 ,20574 ,17599 ,49 ,47 ,186454 ,299667 ,1727 ,603 ,18 ,144 ,118 ,176 ,18 ,181 ,843 ,1354 ,138 ,554 ,17183 ,393 ,22 ,73 ,220 ,35 ,15 ,79 ,110 ,24 ,6 ,99 ,47 ,480 ,32 ,23 ,55 ,1367 ,188 ,26 ,18 ,247 ,886 ,19 ,90 ,54 ,157 ,160 ,52 ,542 ,89 ,516 ,116 ,41 ,1516 ,37 ,37 ,243 ,39 ,11 ,185 ,77 ,6 ,56 ,634 ,57 ,534 ,509 ,3507 ,2779 ,80 ,271 ,279 ,45 ,813891 ,72 ,86 ,73 ,109432 ,479 ,433 ,1303 ,92 ,265 ,346 ,100 ,292 ,528 ,11137 ,138 ,432 ,25 ,13 ,26 ,575 ,688006 ,14 ,24 ,105106 ,5423 ,1526 ,77569 ,2017 ,2921 ,451 ,38 ,812 ,11959 ,41 ,774 ,1575 ,124101 ,93196 ,764 ,83 ,76 ,253 ,28412 ,38 ,402 ,269 ,103 ,285 ,38 ,51 ,131 ,4895 ,
1999 ,4901317 ,2978960 ,832 ,383 ,3295 ,175 ,142 ,4570 ,482 ,1379 ,7695 ,327005 ,963701 ,42283 ,219 ,405 ,,36435 ,33094 ,4958 ,117 ,9100 ,741 ,1160034 ,13159 ,291 ,1123 ,620 ,53961 ,3086 ,162 ,160 ,3424 ,8565 ,144305 ,248 ,1486 ,680 ,68676 ,64246 ,5125 ,12341 ,257 ,786763 ,81 ,9506 ,11099 ,1362 ,532 ,867 ,,3540 ,9838 ,409 ,10921 ,72356 ,89355 ,3299 ,3974 ,506 ,10523 ,30839 ,154 ,642 ,84 ,460 ,284 ,588 ,11 ,213 ,63 ,163 ,24642 ,7367 ,4863 ,7852 ,4067 ,23064 ,44 ,13196 ,20720 ,17319 ,29 ,79 ,188036 ,208172 ,1676 ,641 ,18 ,84 ,100 ,146 ,18 ,220 ,797 ,1314 ,154 ,476 ,18402 ,433 ,23 ,72 ,276 ,22 ,22 ,19 ,209 ,19 ,4 ,77 ,55 ,342 ,26 ,23 ,55 ,1707 ,281 ,21 ,2 ,265 ,806 ,31 ,57 ,30 ,133 ,155 ,67 ,643 ,67 ,449 ,70 ,24 ,2313 ,40 ,32 ,275 ,55 ,16 ,196 ,25 ,7 ,41 ,596 ,46 ,722 ,638 ,3337 ,2922 ,51 ,238 ,325 ,42 ,847115 ,72 ,108 ,54 ,109651 ,593 ,534 ,1280 ,53 ,363 ,497 ,114 ,298 ,517 ,11582 ,147 ,404 ,35 ,19 ,28 ,570 ,720142 ,24 ,30 ,97478 ,4502 ,1364 ,70794 ,2235 ,2941 ,409 ,45 ,742 ,12010 ,39 ,804 ,1593 ,170015 ,137558 ,762 ,80 ,89 ,246 ,29759 ,30 ,401 ,393 ,152 ,327 ,32 ,53 ,133 ,2584 ,
2000 ,5272095 ,3222982 ,732 ,421 ,3550 ,170 ,153 ,5524 ,550 ,1584 ,7350 ,385296 ,944019 ,49423 ,1339 ,347 ,,39845 ,39389 ,5334 ,124 ,12061 ,654 ,1286583 ,13953 ,368 ,1357 ,521 ,64157 ,4371 ,228 ,143 ,3905 ,9109 ,169755 ,168 ,1314 ,637 ,74967 ,73472 ,5690 ,14247 ,172 ,814912 ,138 ,10322 ,11373 ,1498 ,761 ,873 ,,3545 ,10347 ,541 ,11289 ,81528 ,90605 ,3071 ,4433 ,662 ,11005 ,34262 ,244 ,572 ,101 ,452 ,361 ,489 ,29 ,219 ,84 ,219 ,27864 ,7326 ,4833 ,7936 ,5104 ,30290 ,21 ,14654 ,21251 ,17896 ,57 ,167 ,198675 ,192946 ,2690 ,815 ,13 ,35 ,93 ,137 ,18 ,160 ,785 ,1377 ,126 ,620 ,20643 ,539 ,15 ,52 ,260 ,29 ,11 ,12 ,211 ,18 ,,73 ,40 ,277 ,16 ,30 ,59 ,1934 ,303 ,27 ,11 ,182 ,901 ,70 ,112 ,32 ,155 ,148 ,61 ,650 ,66 ,518 ,70 ,15 ,2901 ,63 ,30 ,302 ,43 ,11 ,219 ,27 ,2 ,23 ,600 ,36 ,778 ,778 ,4357 ,2854 ,60 ,300 ,290 ,72 ,890771 ,61 ,88 ,66 ,122260 ,596 ,911 ,1381 ,52 ,352 ,517 ,134 ,297 ,434 ,13049 ,157 ,431 ,22 ,10 ,21 ,527 ,749343 ,38 ,24 ,135770 ,6817 ,1652 ,101513 ,2374 ,3451 ,525 ,63 ,1035 ,15852 ,50 ,750 ,1688 ,184974 ,150046 ,734 ,113 ,96 ,270 ,32142 ,42 ,431 ,395 ,80 ,338 ,59 ,70 ,158 ,2043 ,
2001 ,5286310 ,3280514 ,258 ,401 ,3195 ,160 ,201 ,5901 ,622 ,1946 ,8136 ,444441 ,838001 ,74704 ,1724 ,449 ,,41520 ,42900 ,5301 ,128 ,10787 ,667 ,1342987 ,13246 ,427 ,1547 ,581 ,61221 ,6600 ,212 ,154 ,4342 ,9254 ,186262 ,300 ,1388 ,670 ,70707 ,77521 ,5100 ,16374 ,179 ,817035 ,112 ,9991 ,11249 ,1517 ,872 ,980 ,,4332 ,10026 ,530 ,9996 ,85234 ,89895 ,3166 ,4307 ,575 ,11023 ,35991 ,228 ,903 ,92 ,408 ,487 ,978 ,28 ,206 ,135 ,168 ,24431 ,6880 ,4752 ,7132 ,6556 ,33772 ,50 ,13587 ,19876 ,17718 ,55 ,166 ,203551 ,187113 ,3179 ,889 ,16 ,25 ,167 ,183 ,12 ,221 ,815 ,1558 ,151 ,751 ,21289 ,390 ,27 ,71 ,364 ,34 ,15 ,18 ,245 ,21 ,8 ,61 ,33 ,322 ,18 ,27 ,97 ,2174 ,333 ,31 ,7 ,195 ,892 ,30 ,162 ,62 ,120 ,149 ,59 ,622 ,95 ,507 ,84 ,20 ,3522 ,61 ,31 ,322 ,59 ,6 ,247 ,38 ,5 ,43 ,587 ,76 ,723 ,316 ,4365 ,2721 ,51 ,283 ,282 ,258 ,862392 ,64 ,95 ,60 ,128707 ,655 ,686 ,1161 ,60 ,383 ,666 ,96 ,378 ,513 ,12612 ,149 ,435 ,26 ,17 ,13 ,506 ,715036 ,51 ,23 ,114007 ,4880 ,1758 ,81800 ,2134 ,3660 ,618 ,59 ,883 ,15723 ,44 ,720 ,1728 ,189336 ,152480 ,730 ,86 ,88 ,342 ,34091 ,37 ,386 ,391 ,83 ,308 ,48 ,59 ,207 ,1737 ,
2002 ,5771975 ,3674574 ,381 ,532 ,3585 ,205 ,186 ,6227 ,724 ,2025 ,9566 ,527796 ,909654 ,136482 ,2589 ,440 ,56 ,45693 ,44987 ,5666 ,159 ,11067 ,783 ,1472096 ,15576 ,616 ,1625 ,769 ,66549 ,5607 ,245 ,150 ,4200 ,8991 ,197136 ,231 ,1727 ,677 ,78017 ,86683 ,6566 ,18144 ,166 ,841667 ,136 ,10513 ,11873 ,1629 ,924 ,1681 ,,4318 ,11169 ,802 ,9575 ,89546 ,96070 ,3573 ,4515 ,557 ,18196 ,37202 ,227 ,783 ,90 ,406 ,397 ,1219 ,50 ,215 ,178 ,159 ,24504 ,7070 ,5377 ,9430 ,7734 ,36693 ,40 ,15908 ,21349 ,18196 ,67 ,151 ,225074 ,154758 ,3964 ,1042 ,17 ,4 ,159 ,203 ,20 ,179 ,902 ,1949 ,168 ,706 ,24001 ,449 ,18 ,100 ,669 ,36 ,45 ,1 ,263 ,38 ,9 ,83 ,42 ,363 ,14 ,36 ,160 ,2294 ,372 ,25 ,14 ,198 ,823 ,35 ,201 ,45 ,129 ,181 ,93 ,754 ,105 ,574 ,59 ,35 ,4055 ,71 ,35 ,772 ,52 ,24 ,288 ,42 ,7 ,31 ,533 ,49 ,1081 ,379 ,4639 ,2855 ,88 ,283 ,246 ,208 ,921566 ,110 ,105 ,74 ,134845 ,1072 ,514 ,1223 ,87 ,513 ,873 ,122 ,425 ,678 ,24300 ,172 ,500 ,43 ,13 ,19 ,594 ,755196 ,53 ,35 ,103898 ,4502 ,1652 ,71763 ,2504 ,4090 ,2319 ,75 ,1101 ,13246 ,53 ,879 ,1714 ,204542 ,167868 ,906 ,81 ,79 ,319 ,33748 ,24 ,435 ,363 ,60 ,360 ,50 ,59 ,190 ,1727 ,
2003 ,5727240 ,3793793 ,598 ,462 ,3509 ,153 ,223 ,7229 ,653 ,2187 ,9231 ,537700 ,816692 ,163254 ,2804 ,386 ,92 ,45450 ,51160 ,6038 ,216 ,10534 ,742 ,1621903 ,8899 ,383 ,2261 ,619 ,67515 ,5858 ,361 ,137 ,4570 ,9055 ,209525 ,258 ,1163 ,726 ,78215 ,95018 ,7101 ,20768 ,145 ,762511 ,122 ,10341 ,11232 ,1561 ,1139 ,1157 ,,4781 ,10817 ,682 ,10620 ,87722 ,95691 ,3130 ,4014 ,571 ,11089 ,36665 ,323 ,1153 ,92 ,410 ,514 ,1126 ,21 ,177 ,260 ,153 ,25563 ,7474 ,5551 ,9556 ,8039 ,43738 ,59 ,15369 ,19076 ,18009 ,64 ,200 ,206331 ,97720 ,4704 ,1180 ,14 ,1 ,161 ,213 ,11 ,171 ,785 ,2028 ,169 ,762 ,23682 ,457 ,27 ,120 ,580 ,15 ,41 ,34 ,279 ,48 ,11 ,132 ,68 ,479 ,20 ,40 ,200 ,2369 ,356 ,58 ,12 ,205 ,825 ,13 ,182 ,47 ,164 ,206 ,61 ,702 ,135 ,511 ,115 ,50 ,3702 ,58 ,47 ,519 ,76 ,37 ,347 ,110 ,12 ,46 ,668 ,70 ,748 ,451 ,4529 ,2775 ,141 ,346 ,274 ,164 ,825836 ,71 ,66 ,49 ,129460 ,547 ,851 ,1071 ,54 ,336 ,407 ,124 ,297 ,569 ,11686 ,198 ,417 ,46 ,30 ,9 ,547 ,678935 ,45 ,21 ,109088 ,4807 ,1639 ,79692 ,1998 ,3331 ,466 ,73 ,967 ,14564 ,67 ,472 ,1012 ,210906 ,175315 ,884 ,122 ,89 ,295 ,32636 ,29 ,427 ,346 ,124 ,365 ,39 ,63 ,172 ,1424 ,
2004 ,6756830 ,4607027 ,1029 ,816 ,3945 ,344 ,263 ,8501 ,655 ,2512 ,10498 ,741659 ,1117950 ,226321 ,2319 ,431 ,133 ,52379 ,50730 ,6342 ,595 ,11498 ,964 ,1774872 ,9988 ,672 ,1967 ,756 ,73125 ,5913 ,414 ,170 ,5139 ,10315 ,236291 ,471 ,1349 ,876 ,91553 ,121963 ,7254 ,23852 ,203 ,823210 ,162 ,11937 ,12414 ,1947 ,1248 ,1090 ,,5005 ,11350 ,769 ,12011 ,98826 ,108773 ,3461 ,4565 ,720 ,11978 ,39870 ,403 ,1217 ,96 ,453 ,610 ,1077 ,27 ,219 ,293 ,224 ,29938 ,8290 ,6463 ,11730 ,8120 ,56253 ,32 ,19341 ,21618 ,20915 ,24 ,159 ,222284 ,76773 ,4717 ,1223 ,5 ,,172 ,203 ,20 ,237 ,908 ,1991 ,247 ,802 ,24129 ,664 ,31 ,77 ,504 ,29 ,27 ,14 ,316 ,18 ,6 ,143 ,45 ,401 ,8 ,44 ,109 ,2125 ,276 ,31 ,13 ,231 ,992 ,29 ,246 ,43 ,176 ,169 ,73 ,773 ,162 ,562 ,73 ,39 ,3480 ,65 ,53 ,426 ,54 ,15 ,300 ,44 ,13 ,61 ,662 ,44 ,959 ,725 ,5072 ,2815 ,43 ,329 ,288 ,232 ,955068 ,95 ,136 ,68 ,146109 ,596 ,540 ,986 ,148 ,386 ,451 ,76 ,335 ,705 ,17128 ,231 ,390 ,37 ,27 ,15 ,620 ,785916 ,47 ,26 ,109650 ,4135 ,1809 ,79960 ,2289 ,3402 ,620 ,67 ,959 ,14575 ,102 ,384 ,1348 ,236635 ,197940 ,778 ,99 ,102 ,321 ,35892 ,21 ,384 ,388 ,98 ,305 ,42 ,65 ,200 ,1111 ,
2005 ,7450103 ,5134673 ,2142 ,641 ,4333 ,417 ,339 ,8377 ,762 ,2975 ,11998 ,780924 ,1315594 ,250366 ,1857 ,410 ,120 ,58450 ,56010 ,6534 ,697 ,11980 ,1312 ,2008418 ,10686 ,601 ,1992 ,858 ,78645 ,7614 ,457 ,175 ,6172 ,10641 ,221309 ,523 ,1987 ,1026 ,96186 ,136868 ,7577 ,26213 ,487 ,874247 ,143 ,12677 ,14595 ,2398 ,1205 ,1616 ,,5908 ,12751 ,924 ,13153 ,114397 ,121261 ,4369 ,4538 ,987 ,14324 ,45951 ,468 ,1723 ,119 ,690 ,640 ,1376 ,28 ,254 ,350 ,197 ,31080 ,8894 ,7249 ,10943 ,7857 ,62969 ,43 ,26515 ,23709 ,24101 ,63 ,293 ,229758 ,52176 ,5216 ,1359 ,6 ,,271 ,410 ,54 ,348 ,1032 ,1847 ,209 ,803 ,28782 ,518 ,47 ,121 ,524 ,34 ,42 ,63 ,400 ,9 ,5 ,162 ,45 ,502 ,5 ,64 ,190 ,2056 ,358 ,55 ,10 ,279 ,1182 ,44 ,287 ,52 ,247 ,242 ,103 ,1437 ,149 ,572 ,95 ,38 ,3777 ,66 ,127 ,635 ,76 ,10 ,448 ,38 ,23 ,35 ,801 ,54 ,1082 ,934 ,5941 ,3321 ,89 ,402 ,372 ,614 ,1035301 ,95 ,144 ,65 ,154571 ,1006 ,603 ,1360 ,228 ,435 ,683 ,140 ,445 ,754 ,19286 ,266 ,556 ,49 ,28 ,18 ,648 ,853845 ,42 ,34 ,125973 ,4575 ,2688 ,91268 ,2541 ,3673 ,908 ,57 ,1146 ,16492 ,54 ,474 ,2097 ,249945 ,210043 ,1031 ,114 ,188 ,422 ,36280 ,25 ,521 ,504 ,186 ,292 ,57 ,78 ,204 ,1182 ,
